course_number,course_name,description,work_load,prerequisits,required,type
CPSC 120,Introduction to Programming (3),"Introduction to the concepts underlying all computer programming: design and execution of programs; sequential nature of programs; use of assignment, control and input/output statements to accomplish desired tasks; design and use of functions. Structured and object-oriented methodologies. (1.5 hours lecture, 3 hours laboratory)","1.5 hours lecture, 3 hours laboratory",MATH 125,1,lower_division
CPSC 121,Object-Oriented Programming (3),"The object-oriented programming paradigm: classes, member functions, interfaces, inheritance, polymorphism, and exceptions. Design practices including encapsulation, decoupling, and documentation. Pointers/references and memory management. Recursion. (2 hours lecture, 2 hours activity)","2 hours lecture, 2 hours activity",CPSC 120,1,lower_division
CPSC 131,Data Structures (3),"Classical data structures: vector, linked list, stack, queue, binary search tree, and graph representations. Worst-case analysis, amortized analysis, and big-O notation. Object-oriented and recursive implementation of data structures. Self-resizing vectors and self-balancing trees. Empirical performance measurement.","Classical data structures: vector, linked list, stack, queue, binary search tree, and graph representations. Worst-case analysis, amortized analysis, and big-O notation. Object-oriented and recursive implementation of data structures. Self-resizing vectors and self-balancing trees. Empirical performance measurement.",CPSC 121,1,lower_division
CPSC 223C,C Programming (3),"Systems programming in the C language, including its syntax and semantics; essential idioms; important parts of the C11 and POSIX C APIs; security issues; and notable extensions libraries.","Systems programming in the C language, including its syntax and semantics; essential idioms; important parts of the C11 and POSIX C APIs; security issues; and notable extensions libraries.",CPSC 131,1,lower_division
CPSC 223J,Java Programming (3),"Characteristics of Java: portable, robust, secure, object-oriented, high performance; using the Java environment; server administration; types, expressions and control flow; classes, interfaces and packages; threads; exceptions; class libraries; Java for the Internet; tools, the Java Virtual machine. (2 hours lecture, 2 hours lab per week)","2 hours lecture, 2 hours lab per week",CPSC 131,1,lower_division
CPSC 223N,Visual C# Programming (3),"Characteristics of C#, object-oriented design concepts, control structures, methods, arrays, classes, objects, inheritance, polymorphism, exception handling, graphical user interfaces, multithreading, characters, strings, files, streams. Rudiments of the Unified Modeling Language Software development assignments. (2 hours lecture, 2 hours laboratory)","2 hours lecture, 2 hours laboratory",CPSC 131,1,lower_division
CPSC 223P,Python Programming (3),"Characteristics of Python: portable, robust, secure, object-oriented, functional, high performance, extensible; types, expressions, and control flow; classes, abstract base classes, modules, and packages; threads; exceptions; Python standard library. 2 hours lecture and 2 hours laboratory per week)","Characteristics of Python: portable, robust, secure, object-oriented, functional, high performance, extensible; types, expressions, and control flow; classes, abstract base classes, modules, and packages; threads; exceptions; Python standard library. 2 hours lecture and 2 hours laboratory per week",CPSC 131,1,lower_division
CPSC 223W,Swift Programming (3),"Introduction to Swift, a programming language primarily used to develop software for Apple operating systems. Introduces skills to learn a new programming language. (2 hours lecture, 2 hours lab per week)","2 hours lecture, 2 hours lab per week",CPSC 131,1,lower_division
CPSC 240,Computer Organization and Assembly Language (3),"Digital logic and architecture of a computer system, machine level representation of data, memory system organization, structure of low-level computer languages. Machine, assembly, and macro language programming. Principles of assembler operation, input-output programming, interrupt/exception handling. Laboratory programming assignments. (2 hours lecture, 2 hours laboratory)","2 hours lecture, 2 hours laboratory","CPSC 131, MATH 170A or MATH 280",1,lower_division
CPSC 253,Cybersecurity Foundations and Principles (3),"Security goals, security systems, access controls, networks and security, integrity, cryptography fundamentals, authentication. Attacks: software, network, website; management considerations, security standards in government and industry; security issues in requirements, architecture, design, implementation, testing, operation, maintenance, acquisition and services.","Security goals, security systems, access controls, networks and security, integrity, cryptography fundamentals, authentication. Attacks: software, network, website; management considerations, security standards in government and industry; security issues in requirements, architecture, design, implementation, testing, operation, maintenance, acquisition and services.",,1,lower_division
CPSC 315,Professional Ethics in Computing (3),"Ethics and moral philosophy as applied to software and digital artifacts. Notions of rights, responsibilities, property, ownership, privacy, security, and professional ethics. Security obligations. Intellectual propertystatutes, licenses, and their terms. Oral and written reports are required.","Ethics and moral philosophy as applied to software and digital artifacts. Notions of rights, responsibilities, property, ownership, privacy, security, and professional ethics. Security obligations. Intellectual propertystatutes, licenses, and their terms. Oral and written reports are required.",CPSC 131,1,upper_division
CPSC 323,Compilers and Languages (3),"Basic concepts of programming languages and principles of translation. Topics include history of programming languages, various programming paradigms, language design issues and criteria, design of compilers for modern programming languages.","Basic concepts of programming languages and principles of translation. Topics include history of programming languages, various programming paradigms, language design issues and criteria, design of compilers for modern programming languages.",CPSC 131,1,upper_division
CPSC 332,File Structures and Database Systems (3),"Fundamental theories and design of database systems, the Structured Query Language (SQL), basic concepts and techniques of data organization in secondary storage. Topics include introduction to database systems, ER model, relational model, index structures and hashing techniques.",SQL,CPSC 131,1,upper_division
CPSC 335,Algorithm Engineering (3),"Algorithm design using classical patterns: exhaustive search, divide and conquer, randomization, hashing, reduction, dynamic programming, and the greedy method. Asymptotic and experimental efficiency analysis. NP-completeness and decidability. Implementing algorithms to solve practical problems.","Algorithm design using classical patterns: exhaustive search, divide and conquer, randomization, hashing, reduction, dynamic programming, and the greedy method. Asymptotic and experimental efficiency analysis. NP-completeness and decidability. Implementing algorithms to solve practical problems.","CPSC 131, MATH 170A, MATH 150A",1,upper_division
CPSC 351,Operating Systems Concepts (3),"Resource management, memory organization, input/output, control process synchronization and other concepts as related to the objectives of multi-user operating systems.","Resource management, memory organization, input/output, control process synchronization and other concepts as related to the objectives of multi-user operating systems.",CPSC 131,1,upper_division
CPSC 362,Foundations of Software Engineering (3),"Basic concepts, principles, methods, techniques and practices of software engineering. All aspects of the software engineering fields. Use Computer-Aided Software Engineering (CASE) tools.",CASE,CPSC 131,1,upper_division
CPSC 471,Computer Communications (3),"Introduction to digital data communications. Terminology, networks and their components, common-carrier services, telecommunication facilities, terminals, error control, multiplexing and concentration techniques.","Introduction to digital data communications. Terminology, networks and their components, common-carrier services, telecommunication facilities, terminals, error control, multiplexing and concentration techniques.",CPSC 351,1,upper_division
CPSC 481,Artificial Intelligence (3),"Using computers to simulate human intelligence. Production systems, pattern recognition, problem solving, searching game trees, knowledge representation and logical reasoning. Programming in AI environments.","Using computers to simulate human intelligence. Production systems, pattern recognition, problem solving, searching game trees, knowledge representation and logical reasoning. Programming in AI environments.","CPSC 335, MATH 338",1,upper_division
CPSC 490,Undergraduate Seminar in Computer Science (3),"Review of foundational computer science theories and principles, real-world application development methods and processes, and industry practices. Survey of modern computing technologies. Research methods. Identification of research or practical application problems. Writing and presenting a proposal for a capstone project.","Review of foundational computer science theories and principles, real-world application development methods and processes, and industry practices. Survey of modern computing technologies. Research methods. Identification of research or practical application problems. Writing and presenting a proposal for a capstone project.",CPSC 362,1,upper_division
CPSC 491,Senior Capstone Project in Computer Science (3),"A computer science research or real-world level of application development project. Business communication. Presenting the results to a wide range of audiences. Demonstrating the culminating experience of the practicum in computer science. Writing a final project report and technical documents such as user manuals, installation guides, feasibility study reports.","A computer science research or real-world level of application development project. Business communication. Presenting the results to a wide range of audiences. Demonstrating the culminating experience of the practicum in computer science. Writing a final project report and technical documents such as user manuals, installation guides, feasibility study reports.",CPSC 490,1,upper_division
MATH 150A,Calculus I (4),"Properties of functions. The limit, derivative and definite integral concepts; applications of the derivative, techniques and applications of integration. Six units of credit are given for both MATH 130 and MATH 150A, or for both MATH 135 and MATH 150A. Biology, geology and earth science majors who pass ALEKS must take MATH 130. CBE majors who pass ALEKS must take MATH 135.","Properties of functions. The limit, derivative and definite integral concepts; applications of the derivative, techniques and applications of integration. Six units of credit are given for both MATH 130 and MATH 150A, or for both MATH 135 and MATH 150A. Biology, geology and earth science majors who pass ALEKS must take MATH 130. CBE majors who pass ALEKS must take MATH 135.",,1,math
MATH 150B,Calculus II (4),"Techniques of integration, improper integrals and applications of integration. Introduction to differential equations. Parametric equations, sequences and series.","Techniques of integration, improper integrals and applications of integration. Introduction to differential equations. Parametric equations, sequences and series.",MATH 150A,1,math
MATH 170A,Mathematical Structures I (3),"First of two semesters of fundamental discrete mathematical concepts and techniques needed in computer-related disciplines. Logic, truth tables, elementary set theory, proof techniques, combinatorics, Boolean algebra, recursion and graph theory. Must have completed four years of high school mathematics.","First of two semesters of fundamental discrete mathematical concepts and techniques needed in computer-related disciplines. Logic, truth tables, elementary set theory, proof techniques, combinatorics, Boolean algebra, recursion and graph theory. Must have completed four years of high school mathematics.",,1,math
MATH 170B,Mathematical Structures II (3),"Second of two semesters of fundamental discrete mathematical concepts and techniques needed in computer-related disciplines, focusing on linear algebra.","Second of two semesters of fundamental discrete mathematical concepts and techniques needed in computer-related disciplines, focusing on linear algebra.",,1,math
MATH 338,Statistics Applied to Natural Sciences (4),"Introduction to the theory and application of statistics. Elementary probability, estimation, hypothesis testing, regression, variance analysis, non-parametric tests. Computer-aided analysis of real data. Graphical techniques, generating and interpreting statistical output, presentation of analysis.","Introduction to the theory and application of statistics. Elementary probability, estimation, hypothesis testing, regression, variance analysis, non-parametric tests. Computer-aided analysis of real data. Graphical techniques, generating and interpreting statistical output, presentation of analysis.","MATH 106, MATH 130 or MATH 150B",1,math
BIOL 101,Elements of Biology (3),"Underlying principles governing life forms, processes and interactions. Elements of biology and reasoning skills for understanding scientific issues on personal, societal and global levels. For non-science majors. No credit toward biological science major.","Underlying principles governing life forms, processes and interactions. Elements of biology and reasoning skills for understanding scientific issues on personal, societal and global levels. For non-science majors. No credit toward biological science major.",,0,science
BIOL 101L,Elements of Biology Laboratory (1),"Laboratory experiments demonstrating principles from the lecture course. Scientific inquiry, cells, physiology, genetics, biodiversity, evolution and ecology. Hybrid sections require online and in-person activities (3 hours laboratory or fieldwork; weekend field trips and online coursework may be required). For non-science majors.",3 hours laboratory or fieldwork; weekend field trips and online coursework may be required,,0,science
BIOL 151,Cellular and Molecular Biology (4),"Lecture and laboratory exploration of eukaryotic/prokaryotic cellular structure and function, biological molecules, classical/Mendelian genetics, regulation of gene expression and biotechnology, cell signaling, metabolic pathways, the process and regulation of cellular reproduction, evolution of multicellularity. (For majors in CNSM). (3 hours lecture, 3 hours laboratory)","3 hours lecture, 3 hours laboratory",,0,science
BIOL 152,Evolution and Organismal Biology (4),"Introduction to evolution and organismal biology. Evolutionary processes that resulted in the biodiversity of life on Earth. Physiological processes and ecological challenges for organisms. (3 hours lecture, 3 hours laboratory/fieldwork; weekend field trips required)","3 hours lecture, 3 hours laboratory/fieldwork; weekend field trips required",BIOL 151,0,science
CHEM 120A,General Chemistry (5),"For majors and minors in the physical and biological sciences. The principles of chemistry: stoichiometry, acids, bases, redox reactions, gas laws, solid and liquid states, changes of state, modern atomic concepts, periodicity and chemical bonding. Laboratory: elementary syntheses, spectroscopy and volumetric quantitative analysis. (3 hours lecture, 3 hours laboratory, 2 hours activity)","3 hours lecture, 3 hours laboratory, 2 hours activity",CHEM 115,0,science
CHEM 120B,General Chemistry (5),"For majors and minors in the physical and biological sciences, chemical thermodynamics, chemical equilibrium (gaseous, aqueous, acid-base, solubility and complexation), elementary electrochemistry and chemical kinetics. Laboratory: quantitative and qualitative analysis and elementary physical chemistry; some qualitative analysis. (3 hours lecture, 6 hours laboratory).","3 hours lecture, 6 hours laboratory",CHEM 120A,0,science
CHEM 123,Chemistry for Engineers (3),"Fundamental concepts of chemistry for engineering students. Atomic structure, periodic table, stoichiometry, states of matter, chemical bonding, new materials, solutions, thermodynamics, reaction rates, equilibrium, electrochemistry, polymers and nuclear reactions.","Fundamental concepts of chemistry for engineering students. Atomic structure, periodic table, stoichiometry, states of matter, chemical bonding, new materials, solutions, thermodynamics, reaction rates, equilibrium, electrochemistry, polymers and nuclear reactions.",MATH 125  or MATH 150A,0,science
CHEM 125,General Chemistry B Lecture (3),"For students who do not need a second semester of general chemistry lab. Chemical thermodynamics, chemical equilibrium (gaseous, aqueous, acid-base, solubility and complexion), elementary electrochemistry and chemical kinetics. Not open to students with credit in CHEM 120B.","gaseous, aqueous, acid-base, solubility and complexion",CHEM 120A or CHEM 123,0,science
GEOL 101,Introduction to Geology (3),"Introduction to the science of rocks, fossils, volcanoes, earthquakes, landscapes and oceans. Natural hazards, geology in everyday life and geology as field of practice. High school algebra recommended.","Introduction to the science of rocks, fossils, volcanoes, earthquakes, landscapes and oceans. Natural hazards, geology in everyday life and geology as field of practice. High school algebra recommended.",,0,science
GEOL 101L,Introduction to Geology Laboratory (1),"Hands-on analysis and evaluation of rocks, maps, geologic time and Earth processes. Natural hazards, geology in everyday life and scientific inquiry.","Hands-on analysis and evaluation of rocks, maps, geologic time and Earth processes. Natural hazards, geology in everyday life and scientific inquiry.",,0,science
GEOL 201,Earth History (3),"Evolution of Earth as interpreted from rocks, fossils and geologic structures. Plate tectonics provides a unifying theme for consideration of mountain building, evolution of life and ancient environments. (2 hours lecture, 3 hours laboratory, field trips)","2 hours lecture, 3 hours laboratory, field trips",GEOL 101L or GEOL 102,0,science
GEOL 201L,Earth History Supplemental Lab (1),"Supervised research on topics related to Earth history. Project will result in a term paper and/or web page. (3 hours laboratory, field trips)","3 hours laboratory, field trips",GEOL 201,0,science
MATH 250A,Calculus III (4),"Calculus of functions of several variables. Partial derivatives and multiple integrals with applications. Parametric curves, vector-valued functions, vector fields, line integrals, Green’s Theorem, Stokes’ theorem, the Divergence Theorem, vectors and the geometry of 3-space.","Calculus of functions of several variables. Partial derivatives and multiple integrals with applications. Parametric curves, vector-valued functions, vector fields, line integrals, Green’s Theorem, Stokes’ theorem, the Divergence Theorem, vectors and the geometry of 3-space.",MATH 106 or MATH 150B,0,science
MATH 250B,Introduction to Linear Algebra and Differential Equations (4),"Introduction to the solutions of ordinary differential equations and their relationship to linear algebra. Topics include matrix algebra, systems of linear equations, vector spaces, linear independence, linear transformations and eigenvalues.","Introduction to the solutions of ordinary differential equations and their relationship to linear algebra. Topics include matrix algebra, systems of linear equations, vector spaces, linear independence, linear transformations and eigenvalues.",MATH 250A,0,science
PHYS 225,Fundamental Physics: Mechanics (3),Classical Newtonian mechanics; linear and circular motion; energy; linear/angular momentum; systems of particles; rigid body motion; wave motion and sound.,Classical Newtonian mechanics; linear and circular motion; energy; linear/angular momentum; systems of particles; rigid body motion; wave motion and sound.,MATH 150A,0,science
PHYS 225L,Fundamental Physics: Laboratory (1),Laboratory for PHYS 225. Instructional fee required. (3 hours laboratory),3 hours laboratory,PHYS 225,0,science
PHYS 226,Fundamental Physics: Electricity and Magnetism (3),"Electrostatics, electric potential, capacitance, dielectrics, electrical circuits, resistance, emf, electromagnetic induction, magnetism and magnetic materials, and introduction to Maxwell’s equations.","Electrostatics, electric potential, capacitance, dielectrics, electrical circuits, resistance, emf, electromagnetic induction, magnetism and magnetic materials, and introduction to Maxwell’s equations.","MATH 150B, PHYS 225",0,science
PHYS 226L,Fundamental Physics: Laboratory (1),Laboratory for PHYS 226. Instructional fee required. (3 hours laboratory),3 hours laboratory,PHYS 226,0,science
PHYS 227,"Fundamental Physics: Waves, Optics, and Modern Physics (1-3)","Geometrical and physical optics, wave phenomena; quantum physics, including the photoelectric effect, line spectra and the Bohr atom; the wave nature of matter, Schroedinger’s equation and solutions; the Uncertainty Principle, special theory of relativity.","Geometrical and physical optics, wave phenomena; quantum physics, including the photoelectric effect, line spectra and the Bohr atom; the wave nature of matter, Schroedinger’s equation and solutions; the Uncertainty Principle, special theory of relativity.",PHYS 226,0,science
PHYS 227L,Fundamental Physics: Laboratory (1),Laboratory for PHYS 227. Instructional fee required. (3 hours laboratory),3 hours laboratory,PHYS 227,0,science
CPSC 254,Software Development with Open Source Systems (3),"Philosophy of open source software development, open source operating systems such as Linux; open source development tools; open source programming languages, such as Python; open source software development processes; open source software licensing issues. (2 hours lecture, 2 hours laboratory)","2 hours lecture, 2 hours laboratory",CPSC 131,1,cs_electives
CPSC 301,Programming Lab Practicum (2),"Intensive programming covering concepts learned in lower-division courses. Procedural and object oriented design, documentation, arrays, classes, file input/output, recursion, pointers, dynamic variables, data and file structures.","Intensive programming covering concepts learned in lower-division courses. Procedural and object oriented design, documentation, arrays, classes, file input/output, recursion, pointers, dynamic variables, data and file structures.",CPSC 131,1,cs_electives
CPSC 349,Web Front-End Engineering (3),"Concepts and architecture of interactive web applications, including markup, stylesheets and behavior. Functional and object-oriented aspects of JavaScript. Model-view design patterns, templates and frameworks. Client-side technologies for asynchronous events, real-time interaction and access to back-end web services.","Concepts and architecture of interactive web applications, including markup, stylesheets and behavior. Functional and object-oriented aspects of JavaScript. Model-view design patterns, templates and frameworks. Client-side technologies for asynchronous events, real-time interaction and access to back-end web services.",CPSC 131,1,cs_electives
CPSC 352,Cryptography (3),"Introduction to cryptography and steganography. Encryption, cryptographic hashing, certificates, and signatures. Classical, symmetric-key, and public-key ciphers. Block modes of operation. Cryptanalysis including exhaustive search, man-in-the-middle, and birthday attacks. Programing projects involving implementation of cryptographic systems.","Introduction to cryptography and steganography. Encryption, cryptographic hashing, certificates, and signatures. Classical, symmetric-key, and public-key ciphers. Block modes of operation. Cryptanalysis including exhaustive search, man-in-the-middle, and birthday attacks. Programing projects involving implementation of cryptographic systems.","MATH 170B, CPSC 131, CPSC 253",1,cs_electives
CPSC 375,Introduction to Data Science and Big Data (3),"Techniques for data preparation, exploratory analysis, statistical modeling, machine learning and visualization. Methods for analyzing different types of data, such as natural language and time-series, from emerging applications, including Internet-of-Things. Big data platforms. Projects with real-world data.","Techniques for data preparation, exploratory analysis, statistical modeling, machine learning and visualization. Methods for analyzing different types of data, such as natural language and time-series, from emerging applications, including Internet-of-Things. Big data platforms. Projects with real-world data.","CPSC 131, MATH 338",1,cs_electives
CPSC 386,Introduction to Game Design and Production (3),"Current and future technologies and market trends in game design and production. Game technologies, basic building tools for games and the process of game design, development and production.","Current and future technologies and market trends in game design and production. Game technologies, basic building tools for games and the process of game design, development and production.",CPSC 121,1,cs_electives
CPSC 411,Mobile Device Application Programming (3),"Introduction to developing applications for mobile devices, including but not limited to runtime environments, development tools and debugging tools used in creating applications for mobile devices. Use emulators in lab. Students must provide their own mobile devices.","Introduction to developing applications for mobile devices, including but not limited to runtime environments, development tools and debugging tools used in creating applications for mobile devices. Use emulators in lab. Students must provide their own mobile devices.",CPSC 131,1,cs_electives
CPSC 411A,Mobile Device Application Programming for Android (3),"Introduction to developing applications for Android mobile devices, including but not limited to runtime environments, development tools and debugging tools used in creating applications for mobile devices. Use emulators in lab. Students must provide own mobile devices.","Introduction to developing applications for Android mobile devices, including but not limited to runtime environments, development tools and debugging tools used in creating applications for mobile devices. Use emulators in lab. Students must provide own mobile devices.",CPSC 131,1,cs_electives
CPSC 431,Database and Applications (3),"Database design and application development techniques for a real world system. System analysis, requirement specifications, conceptual modeling, logic design, physical design and web interface development. Develop projects using contemporary database management system and web-based application development platform.","Database design and application development techniques for a real world system. System analysis, requirement specifications, conceptual modeling, logic design, physical design and web interface development. Develop projects using contemporary database management system and web-based application development platform.",CPSC 332,1,cs_electives
CPSC 439,Theory of Computation (3),"Introduction to the theory of computation. Automata theory; finite state machines, context free grammars, and Turing machines; hierarchy of formal language classes. Computability theory and undecidable problems. Time complexity; P and NP-complete problems. Applications to software design and security.","Introduction to the theory of computation. Automata theory; finite state machines, context free grammars, and Turing machines; hierarchy of formal language classes. Computability theory and undecidable problems. Time complexity; P and NP-complete problems. Applications to software design and security.","CPSC 121 or MATH 320, MATH 170B or MATH 280",1,cs_electives
CPSC 440,Computer System Architecture (3),"Computer performance, price/performance, instruction set design and examples. Processor design, pipelining, memory hierarchy design and input/output subsystems.","Computer performance, price/performance, instruction set design and examples. Processor design, pipelining, memory hierarchy design and input/output subsystems.",CPSC 240,1,cs_electives
CPSC 449,Web Back-End Engineering (3),"Design and architecture of large-scale web applications. Techniques for scalability, session management and load balancing. Dependency injection, application tiers, message queues, web services and REST architecture. Caching and eventual consistency. Data models, partitioning and replication in relational and non-relational databases.","Design and architecture of large-scale web applications. Techniques for scalability, session management and load balancing. Dependency injection, application tiers, message queues, web services and REST architecture. Caching and eventual consistency. Data models, partitioning and replication in relational and non-relational databases.",CPSC 332,1,cs_electives
CPSC 454,Cloud Computing and Security (3),"Cloud computing and cloud security, distributed computing, computer clusters, grid computing, virtual machines and virtualization, cloud computing platforms and deployment models, cloud programming and software environments, vulnerabilities and risks of cloud computing, cloud infrastructure protection, data privacy and protection.","Cloud computing and cloud security, distributed computing, computer clusters, grid computing, virtual machines and virtualization, cloud computing platforms and deployment models, cloud programming and software environments, vulnerabilities and risks of cloud computing, cloud infrastructure protection, data privacy and protection.","CPSC 351, CPSC 253",1,cs_electives
CPSC 455,Web Security (3),"Concepts of web application security. Web security mechanisms, including authentication, access control and protecting sensitive data. Common vulnerabilities, including code and SQL attacks, cross-site scripting and cross-site request forgery. Implement hands-on web application security mechanisms and security testing.","Concepts of web application security. Web security mechanisms, including authentication, access control and protecting sensitive data. Common vulnerabilities, including code and SQL attacks, cross-site scripting and cross-site request forgery. Implement hands-on web application security mechanisms and security testing.",CPSC 351 or CPSC 353,1,cs_electives
CPSC 456,Network Security Fundamentals (3),"Learn about vulnerabilities of network protocols, attacks targeting confidentiality, integrity and availability of data transmitted across networks, and methods for diagnosing and closing security gaps through hands-on exercises.","Learn about vulnerabilities of network protocols, attacks targeting confidentiality, integrity and availability of data transmitted across networks, and methods for diagnosing and closing security gaps through hands-on exercises.",CPSC 351,1,cs_electives
CPSC 458,Malware Analysis (3),"Introduction to principles and practices of malware analysis. Topics include static and dynamic code analysis, data decoding, analysis tools, debugging, shellcode analysis, reverse engineering of stealthy malware and written presentation of analysis results.","Introduction to principles and practices of malware analysis. Topics include static and dynamic code analysis, data decoding, analysis tools, debugging, shellcode analysis, reverse engineering of stealthy malware and written presentation of analysis results.",CPSC 351,1,cs_electives
CPSC 459,Blockchain Technologies (3),Digital assets as a medium of exchange to secure financial transactions; decentralized and distributed ledgers that record verifiable transactions; smart contracts and Ethereum; Bitcoin mechanics and mining; the cryptocurrency ecosystem; blockchain mechanics and applications.,Digital assets as a medium of exchange to secure financial transactions; decentralized and distributed ledgers that record verifiable transactions; smart contracts and Ethereum; Bitcoin mechanics and mining; the cryptocurrency ecosystem; blockchain mechanics and applications.,"CPSC 351, CPSC 352 or CPSC 353",1,cs_electives
CPSC 462,Software Design (3),"Concepts of software modeling, software process and some tools. Object-oriented analysis and design and Unified process. Some computer-aided software engineering (CASE) tools will be recommended to use for doing homework assignments.",CASE,CPSC 362,1,cs_electives
CPSC 463,Software Testing (3),"Software testing techniques, reporting problems effectively and planning testing projects. Students apply what they learned throughout the course to a sample application that is either commercially available or under development.","Software testing techniques, reporting problems effectively and planning testing projects. Students apply what they learned throughout the course to a sample application that is either commercially available or under development.",CPSC 362,1,cs_electives
CPSC 464,Software Architecture (3),"Basic principles and practices of software design and architecture. High-level design, software architecture, documenting software architecture, software and architecture evaluation, software product lines and some considerations beyond software architecture.","Basic principles and practices of software design and architecture. High-level design, software architecture, documenting software architecture, software and architecture evaluation, software product lines and some considerations beyond software architecture.",CPSC 362,1,cs_electives
CPSC 466,Software Process (3),"Practical guidance for improving the software development process. How to establish, maintain and improve software processes. Exposure to agile processes, ISO 12207 and CMMI.","Practical guidance for improving the software development process. How to establish, maintain and improve software processes. Exposure to agile processes, ISO 12207 and CMMI.",CPSC 362,1,cs_electives
CPSC 474,Parallel and Distributed Computing (3),Concepts of distributed computing; distributed memory and shared memory architectures; parallel programming techniques; inter-process communication and synchronization; programming for parallel architectures such as multi-core and GPU platforms; project involving distributed application development.,Concepts of distributed computing; distributed memory and shared memory architectures; parallel programming techniques; inter-process communication and synchronization; programming for parallel architectures such as multi-core and GPU platforms; project involving distributed application development.,CPSC 351,1,cs_electives
CPSC 479,Introduction to High Performance Computing (3),"Introduction to the concepts of high-performance computing and the paradigms of parallel programming in a high level programming language, design and implementation of parallel algorithms on distributed memory, machine learning techniques on large data sets, implementation of parallel algorithms.","Introduction to the concepts of high-performance computing and the paradigms of parallel programming in a high level programming language, design and implementation of parallel algorithms on distributed memory, machine learning techniques on large data sets, implementation of parallel algorithms.",CPSC 351,1,cs_electives
CPSC 483,Introduction to Machine Learning (3),"Design, implement and analyze machine learning algorithms, including supervised learning and unsupervised learning algorithms. Methods to address uncertainty. Projects with real-world data.","Design, implement and analyze machine learning algorithms, including supervised learning and unsupervised learning algorithms. Methods to address uncertainty. Projects with real-world data.","CPSC 335, MATH 338",1,cs_electives
CPSC 484,Principles of Computer Graphics (3),"Examine and analyze computer graphics, software structures, display processor organization, graphical input/output devices, display files. Algorithmic techniques for clipping, windowing, character generation and viewpoint transformation.","Examine and analyze computer graphics, software structures, display processor organization, graphical input/output devices, display files. Algorithmic techniques for clipping, windowing, character generation and viewpoint transformation.","CPSC 131, MATH 150B, MATH 170B",1,cs_electives
CPSC 485,Computational Bioinformatics (3),"Algorithmic approaches to biological problems. Specific topics include motif finding, genome rearrangement, DNA sequence comparison, sequence alignment, DNA sequencing, repeat finding and gene expression analysis.","Algorithmic approaches to biological problems. Specific topics include motif finding, genome rearrangement, DNA sequence comparison, sequence alignment, DNA sequencing, repeat finding and gene expression analysis.",CPSC 131,1,cs_electives
CPSC 486,Game Programming (3),Survey of data structures and algorithms used for real-time rendering and computer game programming. Build upon existing mathematics and programming knowledge to create interactive graphics programs.,Survey of data structures and algorithms used for real-time rendering and computer game programming. Build upon existing mathematics and programming knowledge to create interactive graphics programs.,"CPSC 386, CPSC 484",1,cs_electives
CPSC 489,Game Development Project (3),"Individually or in teams, students design, plan and build a computer game.","Individually or in teams, students design, plan and build a computer game.",CPSC 486,1,cs_electives
CPSC 499,Independent Study (1-3),"Special topic in computer science, selected in consultation with and completed under the supervision of instructor. May be repeated for a maximum of 9 units of Undergraduate credit and 6 units of Graduate credit. Requires approval by the Computer Science chair.","Special topic in computer science, selected in consultation with and completed under the supervision of instructor. May be repeated for a maximum of 9 units of Undergraduate credit and 6 units of Graduate credit. Requires approval by the Computer Science chair.",,1,cs_electives
EGGN 495,Professional Practice (1-3),Professional engineering work in industry or government. Written report required. May be taken for credit for a maximum of three units. Applicable towards bachelor’s degree programs. Not for credit in the graduate program.,Professional engineering work in industry or government. Written report required. May be taken for credit for a maximum of three units. Applicable towards bachelor’s degree programs. Not for credit in the graduate program.,,1,cs_electives
MATH 335,Mathematical Probability (4),"Probability theory; discrete, continuous and multivariate probability distributions, independence, conditional probability distribution, expectation, moment generating functions, functions of random variables and the central limit theorem.","Probability theory; discrete, continuous and multivariate probability distributions, independence, conditional probability distribution, expectation, moment generating functions, functions of random variables and the central limit theorem.",MATH 250A,0,other
MATH 340,Numerical Analysis (4),"Approximate numerical solutions of systems of linear and nonlinear equations, interpolation theory, numerical differentiation and integration, numerical solution of ordinary differential equations. Computer coding of numerical methods.","Approximate numerical solutions of systems of linear and nonlinear equations, interpolation theory, numerical differentiation and integration, numerical solution of ordinary differential equations. Computer coding of numerical methods.","MATH 250A, MATH 207 or MATH 250B, MATH 107, MATH 207 or MATH 320, CPSC 120 or CPSC 121",0,other
MATH 370,Mathematical Model Building (4),"Introduction to mathematical models in science and engineering. Dimensional analysis, discrete and continuous dynamical systems, and numerous other topics. Emphasizes deriving equations and using mathematical tools to make predictions.","Introduction to mathematical models in science and engineering. Dimensional analysis, discrete and continuous dynamical systems, and numerous other topics. Emphasizes deriving equations and using mathematical tools to make predictions.","MATH 250A, MATH 207 or MATH 250B, MATH 107, MATH 207 or MATH 320, CPSC 120 or CPSC 121",0,other
HONR 201B,Honors Seminar: American Institutions and Values since 1877 (3),"Critically examines the development of American institutions and values from Reconstruction to present day, with particular reference to California government and politics. The interaction, conflict and cooperation of diverse groups with specific attention to race, ethnicity, gender and class.","Critically examines the development of American institutions and values from Reconstruction to present day, with particular reference to California government and politics. The interaction, conflict and cooperation of diverse groups with specific attention to race, ethnicity, gender and class.",,0,other
POSC 100,American Government (3),"People, their politics, and power; contemporary issues, changing political styles and processes, institution and underlying values of the American political system. Satisfies state requirements in U.S. Constitution and California State and local government.","People, their politics, and power; contemporary issues, changing political styles and processes, institution and underlying values of the American political system. Satisfies state requirements in U.S. Constitution and California State and local government.",,0,other